Frequency, Re(SMin1Min1), Im(SMin1Min1), Re(SMax1Min1), Im(SMax1Min1)
3.200000000000000000e+01,7.191208486183353621e-01,1.064334992857012135e-01,1.947182002611513585e-01,9.304555481566118003e-02
