Frequency, Re(SMin1Min1), Im(SMin1Min1), Re(SMax1Min1), Im(SMax1Min1)
3.200000000000000000e+01,7.151698208956135394e-01,1.136896709138898870e-01,1.938955016174703783e-01,8.633979259657104111e-02
