Frequency, Re(SMin1Min1), Im(SMin1Min1), Re(SMax1Min1), Im(SMax1Min1)
2.200000000000000000e+01,7.440228372943277213e-01,-4.554229342625852883e-01,-2.133023253217183335e-01,-2.166176171711343135e-01
